ICF,age_moy
1.421552797920462,32.85859302656685
1.3692850697996337,31.90568232732495
1.4237750027889966,33.22441746514374
1.868830385105176,32.64855937292021
1.2850617004974172,31.909269817442905
1.6429458574124338,31.162712663358516
2.7420812276350555,32.6458388143493
2.0667346791988757,31.604564748154285
